+3.1768%; 
+2.5806%; +3.3475%; +4.1145%; 
+1.9788%; +2.7457%; +3.5126%; +4.2795%; +5.0465%; 
+1.3715%; +2.1384%; +2.9053%; +3.6723%; +4.4392%; +5.2061%; +5.9730%; 
+0.75895%; +1.5259%; +2.2928%; +3.0597%; +3.8266%; +4.5935%; +5.3604%; +6.1273%; +6.8943%; 
+0.14128%; +0.90819%; +1.6751%; +2.4420%; +3.2089%; +3.9759%; +4.7428%; +5.5097%; +6.2766%; +7.0435%; +7.8104%; 
-0.48132%; +0.28560%; +1.0525%; +1.8194%; +2.5863%; +3.3533%; +4.1202%; +4.8871%; +5.6540%; +6.4209%; +7.1878%; +7.9547%; +8.7217%; 
-1.1087%; -0.34176%; +0.42515%; +1.1921%; +1.9590%; +2.7259%; +3.4928%; +4.2597%; +5.0266%; +5.7936%; +6.5605%; +7.3274%; +8.0943%; +8.8612%; +9.6281%; 
-1.7406%; -0.97372%; -0.20681%; +0.56011%; +1.3270%; +2.0939%; +2.8609%; +3.6278%; +4.3947%; +5.1616%; +5.9285%; +6.6954%; +7.4623%; +8.2293%; +8.9962%; +9.7631%; +10.530%; 
-2.3770%; -1.6101%; -0.84322%; -0.076302%; +0.69061%; +1.4575%; +2.2244%; +2.9914%; +3.7583%; +4.5252%; +5.2921%; +6.0590%; +6.8259%; +7.5928%; +8.3598%; +9.1267%; +9.8936%; +10.661%; +11.427%; 
-3.0178%; -2.2508%; -1.4839%; -0.71701%; +0.049907%; +0.81682%; +1.5837%; +2.3507%; +3.1176%; +3.8845%; +4.6514%; +5.4183%; +6.1852%; +6.9521%; +7.7191%; +8.4860%; +9.2529%; +10.020%; +10.787%; +11.554%; +12.321%; 
-3.6626%; -2.8957%; -2.1288%; -1.3619%; -0.59495%; +0.17196%; +0.93888%; +1.7058%; +2.4727%; +3.2396%; +4.0065%; +4.7735%; +5.5404%; +6.3073%; +7.0742%; +7.8411%; +8.6080%; +9.3749%; +10.142%; +10.909%; +11.676%; +12.443%; +13.210%; 
-4.3115%; -3.5446%; -2.7777%; -2.0107%; -1.2438%; -0.47691%; +0.29001%; +1.0569%; +1.8238%; +2.5908%; +3.3577%; +4.1246%; +4.8915%; +5.6584%; +6.4253%; +7.1922%; +7.9592%; +8.7261%; +9.4930%; +10.260%; +11.027%; +11.794%; +12.561%; +13.328%; +14.094%; 
-4.9642%; -4.1973%; -3.4304%; -2.6635%; -1.8966%; -1.1297%; -0.36274%; +0.40417%; +1.1711%; +1.9380%; +2.7049%; +3.4718%; +4.2387%; +5.0057%; +5.7726%; +6.5395%; +7.3064%; +8.0733%; +8.8402%; +9.6072%; +10.374%; +11.141%; +11.908%; +12.675%; +13.442%; +14.209%; +14.976%; 
-5.6207%; -4.8538%; -4.0869%; -3.3200%; -2.5531%; -1.7862%; -1.0192%; -0.25232%; +0.51459%; +1.2815%; +2.0484%; +2.8153%; +3.5823%; +4.3492%; +5.1161%; +5.8830%; +6.6499%; +7.4168%; +8.1837%; +8.9507%; +9.7176%; +10.484%; +11.251%; +12.018%; +12.785%; +13.552%; +14.319%; +15.086%; +15.853%; 
-6.2808%; -5.5139%; -4.7470%; -3.9801%; -3.2132%; -2.4463%; -1.6794%; -0.91244%; -0.14553%; +0.62139%; +1.3883%; +2.1552%; +2.9221%; +3.6890%; +4.4560%; +5.2229%; +5.9898%; +6.7567%; +7.5236%; +8.2905%; +9.0575%; +9.8244%; +10.591%; +11.358%; +12.125%; +12.892%; +13.659%; +14.426%; +15.193%; +15.960%; +16.727%; 
-6.9445%; -6.1776%; -5.4106%; -4.6437%; -3.8768%; -3.1099%; -2.3430%; -1.5761%; -0.80915%; -0.042232%; +0.72468%; +1.4916%; +2.2585%; +3.0254%; +3.7923%; +4.5593%; +5.3262%; +6.0931%; +6.8600%; +7.6269%; +8.3938%; +9.1607%; +9.9277%; +10.695%; +11.461%; +12.228%; +12.995%; +13.762%; +14.529%; +15.296%; +16.063%; +16.830%; +17.597%; 
-7.6115%; -6.8446%; -6.0776%; -5.3107%; -4.5438%; -3.7769%; -3.0100%; -2.2431%; -1.4761%; -0.70923%; +0.057681%; +0.82460%; +1.5915%; +2.3584%; +3.1253%; +3.8923%; +4.6592%; +5.4261%; +6.1930%; +6.9599%; +7.7268%; +8.4937%; +9.2607%; +10.028%; +10.794%; +11.561%; +12.328%; +13.095%; +13.862%; +14.629%; +15.396%; +16.163%; +16.930%; +17.697%; +18.464%; 
-8.2817%; -7.5148%; -6.7479%; -5.9810%; -5.2141%; -4.4472%; -3.6802%; -2.9133%; -2.1464%; -1.3795%; -0.61259%; +0.15432%; +0.92124%; +1.6882%; +2.4551%; +3.2220%; +3.9889%; +4.7558%; +5.5227%; +6.2896%; +7.0566%; +7.8235%; +8.5904%; +9.3573%; +10.124%; +10.891%; +11.658%; +12.425%; +13.192%; +13.959%; +14.726%; +15.493%; +16.260%; +17.026%; +17.793%; +18.560%; +19.327%; 
-8.9552%; -8.1883%; -7.4213%; -6.6544%; -5.8875%; -5.1206%; -4.3537%; -3.5868%; -2.8199%; -2.0529%; -1.2860%; -0.51911%; +0.24781%; +1.0147%; +1.7816%; +2.5486%; +3.3155%; +4.0824%; +4.8493%; +5.6162%; +6.3831%; +7.1500%; +7.9170%; +8.6839%; +9.4508%; +10.218%; +10.985%; +11.752%; +12.518%; +13.285%; +14.052%; +14.819%; +15.586%; +16.353%; +17.120%; +17.887%; +18.654%; +19.421%; +20.188%; 
-9.6317%; -8.8647%; -8.0978%; -7.3309%; -6.5640%; -5.7971%; -5.0302%; -4.2633%; -3.4963%; -2.7294%; -1.9625%; -1.1956%; -0.42868%; +0.33824%; +1.1052%; +1.8721%; +2.6390%; +3.4059%; +4.1728%; +4.9397%; +5.7066%; +6.4736%; +7.2405%; +8.0074%; +8.7743%; +9.5412%; +10.308%; +11.075%; +11.842%; +12.609%; +13.376%; +14.143%; +14.910%; +15.677%; +16.443%; +17.210%; +17.977%; +18.744%; +19.511%; +20.278%; +21.045%; 
-10.311%; -9.5442%; -8.7773%; -8.0103%; -7.2434%; -6.4765%; -5.7096%; -4.9427%; -4.1758%; -3.4089%; -2.6419%; -1.8750%; -1.1081%; -0.34120%; +0.42572%; +1.1926%; +1.9595%; +2.7265%; +3.4934%; +4.2603%; +5.0272%; +5.7941%; +6.5610%; +7.3280%; +8.0949%; +8.8618%; +9.6287%; +10.396%; +11.163%; +11.929%; +12.696%; +13.463%; +14.230%; +14.997%; +15.764%; +16.531%; +17.298%; +18.065%; +18.832%; +19.599%; +20.366%; +21.132%; +21.899%; 
-10.993%; -10.226%; -9.4596%; -8.6926%; -7.9257%; -7.1588%; -6.3919%; -5.6250%; -4.8581%; -4.0911%; -3.3242%; -2.5573%; -1.7904%; -1.0235%; -0.25657%; +0.51034%; +1.2773%; +2.0442%; +2.8111%; +3.5780%; +4.3449%; +5.1118%; +5.8787%; +6.6457%; +7.4126%; +8.1795%; +8.9464%; +9.7133%; +10.480%; +11.247%; +12.014%; +12.781%; +13.548%; +14.315%; +15.082%; +15.849%; +16.616%; +17.382%; +18.149%; +18.916%; +19.683%; +20.450%; +21.217%; +21.984%; +22.751%; 
-11.678%; -10.912%; -10.145%; -9.3777%; -8.6108%; -7.8439%; -7.0769%; -6.3100%; -5.5431%; -4.7762%; -4.0093%; -3.2424%; -2.4754%; -1.7085%; -0.94162%; -0.17470%; +0.59221%; +1.3591%; +2.1260%; +2.8930%; +3.6599%; +4.4268%; +5.1937%; +5.9606%; +6.7275%; +7.4944%; +8.2614%; +9.0283%; +9.7952%; +10.562%; +11.329%; +12.096%; +12.863%; +13.630%; +14.397%; +15.164%; +15.931%; +16.697%; +17.464%; +18.231%; +18.998%; +19.765%; +20.532%; +21.299%; +22.066%; +22.833%; +23.600%; 
-12.366%; -11.599%; -10.832%; -10.065%; -9.2985%; -8.5316%; -7.7647%; -6.9977%; -6.2308%; -5.4639%; -4.6970%; -3.9301%; -3.1632%; -2.3962%; -1.6293%; -0.86242%; -0.095502%; +0.67141%; +1.4383%; +2.2052%; +2.9722%; +3.7391%; +4.5060%; +5.2729%; +6.0398%; +6.8067%; +7.5736%; +8.3406%; +9.1075%; +9.8744%; +10.641%; +11.408%; +12.175%; +12.942%; +13.709%; +14.476%; +15.243%; +16.010%; +16.777%; +17.544%; +18.310%; +19.077%; +19.844%; +20.611%; +21.378%; +22.145%; +22.912%; +23.679%; +24.446%; 
-13.056%; -12.290%; -11.523%; -10.756%; -9.9888%; -9.2219%; -8.4549%; -7.6880%; -6.9211%; -6.1542%; -5.3873%; -4.6204%; -3.8534%; -3.0865%; -2.3196%; -1.5527%; -0.78579%; -0.018875%; +0.74804%; +1.5150%; +2.2819%; +3.0488%; +3.8157%; +4.5826%; +5.3495%; +6.1164%; +6.8834%; +7.6503%; +8.4172%; +9.1841%; +9.9510%; +10.718%; +11.485%; +12.252%; +13.019%; +13.786%; +14.553%; +15.319%; +16.086%; +16.853%; +17.620%; +18.387%; +19.154%; +19.921%; +20.688%; +21.455%; +22.222%; +22.989%; +23.755%; +24.522%; +25.289%; 
-13.749%; -12.982%; -12.215%; -11.448%; -10.682%; -9.9146%; -9.1477%; -8.3808%; -7.6139%; -6.8470%; -6.0801%; -5.3131%; -4.5462%; -3.7793%; -3.0124%; -2.2455%; -1.4786%; -0.71165%; +0.055262%; +0.82218%; +1.5891%; +2.3560%; +3.1229%; +3.8898%; +4.6568%; +5.4237%; +6.1906%; +6.9575%; +7.7244%; +8.4913%; +9.2582%; +10.025%; +10.792%; +11.559%; +12.326%; +13.093%; +13.860%; +14.627%; +15.394%; +16.160%; +16.927%; +17.694%; +18.461%; +19.228%; +19.995%; +20.762%; +21.529%; +22.296%; +23.063%; +23.830%; +24.597%; +25.363%; +26.130%; 
-13.677%; -12.911%; -12.144%; -11.377%; -10.610%; -9.8429%; -9.0760%; -8.3091%; -7.5422%; -6.7752%; -6.0083%; -5.2414%; -4.4745%; -3.7076%; -2.9407%; -2.1738%; -1.4068%; -0.63992%; +0.12699%; +0.89391%; +1.6608%; +2.4277%; +3.1947%; +3.9616%; +4.7285%; +5.4954%; +6.2623%; +7.0292%; +7.7961%; +8.5631%; +9.3300%; +10.097%; +10.864%; +11.631%; +12.398%; +13.165%; +13.931%; +14.698%; +15.465%; +16.232%; +16.999%; +17.766%; +18.533%; +19.300%; +20.067%; +20.834%; +21.601%; +22.368%; +23.134%; +23.901%; +24.668%; +25.435%; +26.202%; 
-13.608%; -12.841%; -12.074%; -11.307%; -10.540%; -9.7735%; -9.0066%; -8.2397%; -7.4728%; -6.7058%; -5.9389%; -5.1720%; -4.4051%; -3.6382%; -2.8713%; -2.1043%; -1.3374%; -0.57052%; +0.19640%; +0.96331%; +1.7302%; +2.4971%; +3.2641%; +4.0310%; +4.7979%; +5.5648%; +6.3317%; +7.0986%; +7.8655%; +8.6325%; +9.3994%; +10.166%; +10.933%; +11.700%; +12.467%; +13.234%; +14.001%; +14.768%; +15.535%; +16.302%; +17.069%; +17.835%; +18.602%; +19.369%; +20.136%; +20.903%; +21.670%; +22.437%; +23.204%; +23.971%; +24.738%; +25.505%; +26.272%; 
-13.541%; -12.774%; -12.007%; -11.240%; -10.473%; -9.7063%; -8.9394%; -8.1725%; -7.4056%; -6.6387%; -5.8718%; -5.1049%; -4.3379%; -3.5710%; -2.8041%; -2.0372%; -1.2703%; -0.50336%; +0.26355%; +1.0305%; +1.7974%; +2.5643%; +3.3312%; +4.0981%; +4.8650%; +5.6320%; +6.3989%; +7.1658%; +7.9327%; +8.6996%; +9.4665%; +10.233%; +11.000%; +11.767%; +12.534%; +13.301%; +14.068%; +14.835%; +15.602%; +16.369%; +17.136%; +17.903%; +18.670%; +19.436%; +20.203%; +20.970%; +21.737%; +22.504%; +23.271%; +24.038%; +24.805%; +25.572%; +26.339%; 
-13.476%; -12.709%; -11.942%; -11.175%; -10.408%; -9.6414%; -8.8744%; -8.1075%; -7.3406%; -6.5737%; -5.8068%; -5.0399%; -4.2730%; -3.5060%; -2.7391%; -1.9722%; -1.2053%; -0.43838%; +0.32853%; +1.0954%; +1.8624%; +2.6293%; +3.3962%; +4.1631%; +4.9300%; +5.6969%; +6.4639%; +7.2308%; +7.9977%; +8.7646%; +9.5315%; +10.298%; +11.065%; +11.832%; +12.599%; +13.366%; +14.133%; +14.900%; +15.667%; +16.434%; +17.201%; +17.968%; +18.734%; +19.501%; +20.268%; +21.035%; +21.802%; +22.569%; +23.336%; +24.103%; +24.870%; +25.637%; +26.404%; 
-13.413%; -12.646%; -11.879%; -11.112%; -10.345%; -9.5785%; -8.8116%; -8.0447%; -7.2777%; -6.5108%; -5.7439%; -4.9770%; -4.2101%; -3.4432%; -2.6762%; -1.9093%; -1.1424%; -0.37550%; +0.39141%; +1.1583%; +1.9252%; +2.6922%; +3.4591%; +4.2260%; +4.9929%; +5.7598%; +6.5267%; +7.2936%; +8.0606%; +8.8275%; +9.5944%; +10.361%; +11.128%; +11.895%; +12.662%; +13.429%; +14.196%; +14.963%; +15.730%; +16.497%; +17.264%; +18.030%; +18.797%; +19.564%; +20.331%; +21.098%; +21.865%; +22.632%; +23.399%; +24.166%; +24.933%; +25.700%; +26.467%; 
-13.352%; -12.585%; -11.818%; -11.051%; -10.285%; -9.5176%; -8.7507%; -7.9838%; -7.2169%; -6.4500%; -5.6831%; -4.9161%; -4.1492%; -3.3823%; -2.6154%; -1.8485%; -1.0816%; -0.31466%; +0.45226%; +1.2192%; +1.9861%; +2.7530%; +3.5199%; +4.2868%; +5.0537%; +5.8207%; +6.5876%; +7.3545%; +8.1214%; +8.8883%; +9.6552%; +10.422%; +11.189%; +11.956%; +12.723%; +13.490%; +14.257%; +15.024%; +15.791%; +16.557%; +17.324%; +18.091%; +18.858%; +19.625%; +20.392%; +21.159%; +21.926%; +22.693%; +23.460%; +24.227%; +24.994%; +25.760%; +26.527%; 
-13.293%; -12.526%; -11.759%; -10.993%; -10.226%; -9.4588%; -8.6918%; -7.9249%; -7.1580%; -6.3911%; -5.6242%; -4.8573%; -4.0903%; -3.3234%; -2.5565%; -1.7896%; -1.0227%; -0.25577%; +0.51114%; +1.2781%; +2.0450%; +2.8119%; +3.5788%; +4.3457%; +5.1126%; +5.8795%; +6.6465%; +7.4134%; +8.1803%; +8.9472%; +9.7141%; +10.481%; +11.248%; +12.015%; +12.782%; +13.549%; +14.316%; +15.083%; +15.849%; +16.616%; +17.383%; +18.150%; +18.917%; +19.684%; +20.451%; +21.218%; +21.985%; +22.752%; +23.519%; +24.286%; +25.052%; +25.819%; +26.586%; 
-13.236%; -12.469%; -11.703%; -10.936%; -10.169%; -9.4018%; -8.6349%; -7.8679%; -7.1010%; -6.3341%; -5.5672%; -4.8003%; -4.0334%; -3.2664%; -2.4995%; -1.7326%; -0.96570%; -0.19879%; +0.56813%; +1.3350%; +2.1020%; +2.8689%; +3.6358%; +4.4027%; +5.1696%; +5.9365%; +6.7034%; +7.4704%; +8.2373%; +9.0042%; +9.7711%; +10.538%; +11.305%; +12.072%; +12.839%; +13.606%; +14.373%; +15.140%; +15.906%; +16.673%; +17.440%; +18.207%; +18.974%; +19.741%; +20.508%; +21.275%; +22.042%; +22.809%; +23.576%; +24.342%; +25.109%; +25.876%; +26.643%; 
-13.181%; -12.414%; -11.647%; -10.880%; -10.114%; -9.3466%; -8.5797%; -7.8128%; -7.0459%; -6.2790%; -5.5120%; -4.7451%; -3.9782%; -3.2113%; -2.4444%; -1.6775%; -0.91055%; -0.14364%; +0.62328%; +1.3902%; +2.1571%; +2.9240%; +3.6909%; +4.4579%; +5.2248%; +5.9917%; +6.7586%; +7.5255%; +8.2924%; +9.0593%; +9.8263%; +10.593%; +11.360%; +12.127%; +12.894%; +13.661%; +14.428%; +15.195%; +15.962%; +16.728%; +17.495%; +18.262%; +19.029%; +19.796%; +20.563%; +21.330%; +22.097%; +22.864%; +23.631%; +24.398%; +25.165%; +25.931%; +26.698%; 
-13.128%; -12.361%; -11.594%; -10.827%; -10.060%; -9.2932%; -8.5263%; -7.7594%; -6.9925%; -6.2256%; -5.4587%; -4.6918%; -3.9248%; -3.1579%; -2.3910%; -1.6241%; -0.85718%; -0.090262%; +0.67665%; +1.4436%; +2.2105%; +2.9774%; +3.7443%; +4.5112%; +5.2781%; +6.0451%; +6.8120%; +7.5789%; +8.3458%; +9.1127%; +9.8796%; +10.647%; +11.413%; +12.180%; +12.947%; +13.714%; +14.481%; +15.248%; +16.015%; +16.782%; +17.549%; +18.316%; +19.083%; +19.850%; +20.616%; +21.383%; +22.150%; +22.917%; +23.684%; +24.451%; +25.218%; +25.985%; +26.752%; 
-13.076%; -12.309%; -11.542%; -10.775%; -10.008%; -9.2416%; -8.4747%; -7.7078%; -6.9408%; -6.1739%; -5.4070%; -4.6401%; -3.8732%; -3.1063%; -2.3393%; -1.5724%; -0.80552%; -0.038603%; +0.72831%; +1.4952%; +2.2621%; +3.0291%; +3.7960%; +4.5629%; +5.3298%; +6.0967%; +6.8636%; +7.6305%; +8.3975%; +9.1644%; +9.9313%; +10.698%; +11.465%; +12.232%; +12.999%; +13.766%; +14.533%; +15.300%; +16.067%; +16.834%; +17.600%; +18.367%; +19.134%; +19.901%; +20.668%; +21.435%; +22.202%; +22.969%; +23.736%; +24.503%; +25.270%; +26.037%; +26.803%; 
-13.026%; -12.259%; -11.492%; -10.725%; -9.9585%; -9.1916%; -8.4247%; -7.6578%; -6.8908%; -6.1239%; -5.3570%; -4.5901%; -3.8232%; -3.0563%; -2.2893%; -1.5224%; -0.75552%; +0.011398%; +0.77831%; +1.5452%; +2.3121%; +3.0791%; +3.8460%; +4.6129%; +5.3798%; +6.1467%; +6.9136%; +7.6805%; +8.4475%; +9.2144%; +9.9813%; +10.748%; +11.515%; +12.282%; +13.049%; +13.816%; +14.583%; +15.350%; +16.117%; +16.884%; +17.650%; +18.417%; +19.184%; +19.951%; +20.718%; +21.485%; +22.252%; +23.019%; +23.786%; +24.553%; +25.320%; +26.087%; +26.853%; 
-12.978%; -12.211%; -11.444%; -10.677%; -9.9101%; -9.1432%; -8.3763%; -7.6094%; -6.8424%; -6.0755%; -5.3086%; -4.5417%; -3.7748%; -3.0079%; -2.2410%; -1.4740%; -0.70712%; +0.059794%; +0.82671%; +1.5936%; +2.3605%; +3.1275%; +3.8944%; +4.6613%; +5.4282%; +6.1951%; +6.9620%; +7.7289%; +8.4959%; +9.2628%; +10.030%; +10.797%; +11.564%; +12.330%; +13.097%; +13.864%; +14.631%; +15.398%; +16.165%; +16.932%; +17.699%; +18.466%; +19.233%; +20.000%; +20.766%; +21.533%; +22.300%; +23.067%; +23.834%; +24.601%; +25.368%; +26.135%; +26.902%; 
-12.931%; -12.164%; -11.397%; -10.630%; -9.8633%; -9.0963%; -8.3294%; -7.5625%; -6.7956%; -6.0287%; -5.2618%; -4.4948%; -3.7279%; -2.9610%; -2.1941%; -1.4272%; -0.66027%; +0.10664%; +0.87356%; +1.6405%; +2.4074%; +3.1743%; +3.9412%; +4.7081%; +5.4750%; +6.2420%; +7.0089%; +7.7758%; +8.5427%; +9.3096%; +10.077%; +10.843%; +11.610%; +12.377%; +13.144%; +13.911%; +14.678%; +15.445%; +16.212%; +16.979%; +17.746%; +18.513%; +19.280%; +20.046%; +20.813%; +21.580%; +22.347%; +23.114%; +23.881%; +24.648%; +25.415%; +26.182%; +26.949%; 
-12.886%; -12.119%; -11.352%; -10.585%; -9.8179%; -9.0510%; -8.2841%; -7.5172%; -6.7502%; -5.9833%; -5.2164%; -4.4495%; -3.6826%; -2.9157%; -2.1488%; -1.3818%; -0.61493%; +0.15199%; +0.91890%; +1.6858%; +2.4527%; +3.2196%; +3.9866%; +4.7535%; +5.5204%; +6.2873%; +7.0542%; +7.8211%; +8.5881%; +9.3550%; +10.122%; +10.889%; +11.656%; +12.423%; +13.190%; +13.956%; +14.723%; +15.490%; +16.257%; +17.024%; +17.791%; +18.558%; +19.325%; +20.092%; +20.859%; +21.626%; +22.393%; +23.159%; +23.926%; +24.693%; +25.460%; +26.227%; +26.994%; 
-12.842%; -12.075%; -11.308%; -10.541%; -9.7740%; -9.0071%; -8.2402%; -7.4733%; -6.7064%; -5.9394%; -5.1725%; -4.4056%; -3.6387%; -2.8718%; -2.1049%; -1.3379%; -0.57103%; +0.19588%; +0.96280%; +1.7297%; +2.4966%; +3.2635%; +4.0305%; +4.7974%; +5.5643%; +6.3312%; +7.0981%; +7.8650%; +8.6319%; +9.3989%; +10.166%; +10.933%; +11.700%; +12.467%; +13.233%; +14.000%; +14.767%; +15.534%; +16.301%; +17.068%; +17.835%; +18.602%; +19.369%; +20.136%; +20.903%; +21.669%; +22.436%; +23.203%; +23.970%; +24.737%; +25.504%; +26.271%; +27.038%; 
-12.799%; -12.032%; -11.265%; -10.498%; -9.7315%; -8.9646%; -8.1977%; -7.4308%; -6.6639%; -5.8969%; -5.1300%; -4.3631%; -3.5962%; -2.8293%; -2.0624%; -1.2955%; -0.52854%; +0.23838%; +1.0053%; +1.7722%; +2.5391%; +3.3060%; +4.0730%; +4.8399%; +5.6068%; +6.3737%; +7.1406%; +7.9075%; +8.6744%; +9.4414%; +10.208%; +10.975%; +11.742%; +12.509%; +13.276%; +14.043%; +14.810%; +15.577%; +16.344%; +17.111%; +17.877%; +18.644%; +19.411%; +20.178%; +20.945%; +21.712%; +22.479%; +23.246%; +24.013%; +24.780%; +25.547%; +26.313%; +27.080%; 
-12.758%; -11.991%; -11.224%; -10.457%; -9.6904%; -8.9235%; -8.1565%; -7.3896%; -6.6227%; -5.8558%; -5.0889%; -4.3220%; -3.5551%; -2.7881%; -2.0212%; -1.2543%; -0.48740%; +0.27952%; +1.0464%; +1.8133%; +2.5803%; +3.3472%; +4.1141%; +4.8810%; +5.6479%; +6.4148%; +7.1818%; +7.9487%; +8.7156%; +9.4825%; +10.249%; +11.016%; +11.783%; +12.550%; +13.317%; +14.084%; +14.851%; +15.618%; +16.385%; +17.152%; +17.919%; +18.685%; +19.452%; +20.219%; +20.986%; +21.753%; +22.520%; +23.287%; +24.054%; +24.821%; +25.588%; +26.355%; +27.122%; 
-12.718%; -11.951%; -11.184%; -10.417%; -9.6505%; -8.8836%; -8.1167%; -7.3498%; -6.5829%; -5.8160%; -5.0491%; -4.2821%; -3.5152%; -2.7483%; -1.9814%; -1.2145%; -0.44757%; +0.31935%; +1.0863%; +1.8532%; +2.6201%; +3.3870%; +4.1539%; +4.9208%; +5.6878%; +6.4547%; +7.2216%; +7.9885%; +8.7554%; +9.5223%; +10.289%; +11.056%; +11.823%; +12.590%; +13.357%; +14.124%; +14.891%; +15.658%; +16.425%; +17.191%; +17.958%; +18.725%; +19.492%; +20.259%; +21.026%; +21.793%; +22.560%; +23.327%; +24.094%; +24.861%; +25.628%; +26.394%; +27.161%; 
-12.680%; -11.913%; -11.146%; -10.379%; -9.6120%; -8.8451%; -8.0782%; -7.3112%; -6.5443%; -5.7774%; -5.0105%; -4.2436%; -3.4767%; -2.7098%; -1.9428%; -1.1759%; -0.40901%; +0.35791%; +1.1248%; +1.8917%; +2.6587%; +3.4256%; +4.1925%; +4.9594%; +5.7263%; +6.4932%; +7.2601%; +8.0271%; +8.7940%; +9.5609%; +10.328%; +11.095%; +11.862%; +12.629%; +13.395%; +14.162%; +14.929%; +15.696%; +16.463%; +17.230%; +17.997%; +18.764%; +19.531%; +20.298%; +21.065%; +21.832%; +22.598%; +23.365%; +24.132%; +24.899%; +25.666%; +26.433%; +27.200%; 
-12.642%; -11.875%; -11.108%; -10.342%; -9.5747%; -8.8077%; -8.0408%; -7.2739%; -6.5070%; -5.7401%; -4.9732%; -4.2062%; -3.4393%; -2.6724%; -1.9055%; -1.1386%; -0.37167%; +0.39524%; +1.1622%; +1.9291%; +2.6960%; +3.4629%; +4.2298%; +4.9967%; +5.7636%; +6.5306%; +7.2975%; +8.0644%; +8.8313%; +9.5982%; +10.365%; +11.132%; +11.899%; +12.666%; +13.433%; +14.200%; +14.967%; +15.734%; +16.500%; +17.267%; +18.034%; +18.801%; +19.568%; +20.335%; +21.102%; +21.869%; +22.636%; +23.403%; +24.170%; +24.937%; +25.703%; +26.470%; +27.237%; 
-12.606%; -11.839%; -11.072%; -10.305%; -9.5385%; -8.7716%; -8.0047%; -7.2378%; -6.4708%; -5.7039%; -4.9370%; -4.1701%; -3.4032%; -2.6363%; -1.8694%; -1.1024%; -0.33552%; +0.43139%; +1.1983%; +1.9652%; +2.7321%; +3.4991%; +4.2660%; +5.0329%; +5.7998%; +6.5667%; +7.3336%; +8.1005%; +8.8675%; +9.6344%; +10.401%; +11.168%; +11.935%; +12.702%; +13.469%; +14.236%; +15.003%; +15.770%; +16.537%; +17.304%; +18.070%; +18.837%; +19.604%; +20.371%; +21.138%; +21.905%; +22.672%; +23.439%; +24.206%; +24.973%; +25.740%; +26.506%; +27.273%; 
-12.571%; -11.804%; -11.037%; -10.270%; -9.5035%; -8.7366%; -7.9697%; -7.2028%; -6.4358%; -5.6689%; -4.9020%; -4.1351%; -3.3682%; -2.6013%; -1.8343%; -1.0674%; -0.30052%; +0.46640%; +1.2333%; +2.0002%; +2.7671%; +3.5341%; +4.3010%; +5.0679%; +5.8348%; +6.6017%; +7.3686%; +8.1355%; +8.9025%; +9.6694%; +10.436%; +11.203%; +11.970%; +12.737%; +13.504%; +14.271%; +15.038%; +15.805%; +16.572%; +17.339%; +18.105%; +18.872%; +19.639%; +20.406%; +21.173%; +21.940%; +22.707%; +23.474%; +24.241%; +25.008%; +25.775%; +26.542%; +27.308%; 
-12.537%; -11.770%; -11.003%; -10.237%; -9.4696%; -8.7027%; -7.9358%; -7.1689%; -6.4019%; -5.6350%; -4.8681%; -4.1012%; -3.3343%; -2.5674%; -1.8005%; -1.0335%; -0.26662%; +0.50029%; +1.2672%; +2.0341%; +2.8010%; +3.5680%; +4.3349%; +5.1018%; +5.8687%; +6.6356%; +7.4025%; +8.1694%; +8.9364%; +9.7033%; +10.470%; +11.237%; +12.004%; +12.771%; +13.538%; +14.305%; +15.072%; +15.839%; +16.606%; +17.372%; +18.139%; +18.906%; +19.673%; +20.440%; +21.207%; +21.974%; +22.741%; +23.508%; +24.275%; +25.042%; +25.808%; +26.575%; +27.342%; 
-12.504%; -11.738%; -10.971%; -10.204%; -9.4368%; -8.6699%; -7.9029%; -7.1360%; -6.3691%; -5.6022%; -4.8353%; -4.0684%; -3.3015%; -2.5345%; -1.7676%; -1.0007%; -0.23380%; +0.53311%; +1.3000%; +2.0669%; +2.8339%; +3.6008%; +4.3677%; +5.1346%; +5.9015%; +6.6684%; +7.4353%; +8.2023%; +8.9692%; +9.7361%; +10.503%; +11.270%; +12.037%; +12.804%; +13.571%; +14.338%; +15.104%; +15.871%; +16.638%; +17.405%; +18.172%; +18.939%; +19.706%; +20.473%; +21.240%; +22.007%; +22.774%; +23.541%; +24.307%; +25.074%; +25.841%; +26.608%; +27.375%; 
-12.473%; -11.706%; -10.939%; -10.172%; -9.4050%; -8.6381%; -7.8712%; -7.1042%; -6.3373%; -5.5704%; -4.8035%; -4.0366%; -3.2697%; -2.5028%; -1.7358%; -0.96893%; -0.20202%; +0.56490%; +1.3318%; +2.0987%; +2.8656%; +3.6326%; +4.3995%; +5.1664%; +5.9333%; +6.7002%; +7.4671%; +8.2340%; +9.0010%; +9.7679%; +10.535%; +11.302%; +12.069%; +12.836%; +13.602%; +14.369%; +15.136%; +15.903%; +16.670%; +17.437%; +18.204%; +18.971%; +19.738%; +20.505%; +21.272%; +22.039%; +22.805%; +23.572%; +24.339%; +25.106%; +25.873%; +26.640%; +27.407%; 
-12.442%; -11.675%; -10.908%; -10.141%; -9.3742%; -8.6073%; -7.8404%; -7.0735%; -6.3066%; -5.5396%; -4.7727%; -4.0058%; -3.2389%; -2.4720%; -1.7051%; -0.93815%; -0.17123%; +0.59568%; +1.3626%; +2.1295%; +2.8964%; +3.6633%; +4.4303%; +5.1972%; +5.9641%; +6.7310%; +7.4979%; +8.2648%; +9.0317%; +9.7987%; +10.566%; +11.332%; +12.099%; +12.866%; +13.633%; +14.400%; +15.167%; +15.934%; +16.701%; +17.468%; +18.235%; +19.002%; +19.769%; +20.535%; +21.302%; +22.069%; +22.836%; +23.603%; +24.370%; +25.137%; +25.904%; +26.671%; +27.438%; 
-12.412%; -11.645%; -10.878%; -10.111%; -9.3444%; -8.5775%; -7.8106%; -7.0437%; -6.2767%; -5.5098%; -4.7429%; -3.9760%; -3.2091%; -2.4422%; -1.6753%; -0.90834%; -0.14142%; +0.62549%; +1.3924%; +2.1593%; +2.9262%; +3.6932%; +4.4601%; +5.2270%; +5.9939%; +6.7608%; +7.5277%; +8.2946%; +9.0616%; +9.8285%; +10.595%; +11.362%; +12.129%; +12.896%; +13.663%; +14.430%; +15.197%; +15.964%; +16.731%; +17.498%; +18.265%; +19.031%; +19.798%; +20.565%; +21.332%; +22.099%; +22.866%; +23.633%; +24.400%; +25.167%; +25.934%; +26.701%; +27.468%; 
-12.383%; -11.616%; -10.849%; -10.082%; -9.3155%; -8.5486%; -7.7817%; -7.0148%; -6.2479%; -5.4810%; -4.7140%; -3.9471%; -3.1802%; -2.4133%; -1.6464%; -0.87946%; -0.11255%; +0.65437%; +1.4213%; +2.1882%; +2.9551%; +3.7220%; +4.4889%; +5.2559%; +6.0228%; +6.7897%; +7.5566%; +8.3235%; +9.0904%; +9.8573%; +10.624%; +11.391%; +12.158%; +12.925%; +13.692%; +14.459%; +15.226%; +15.993%; +16.760%; +17.526%; +18.293%; +19.060%; +19.827%; +20.594%; +21.361%; +22.128%; +22.895%; +23.662%; +24.429%; +25.196%; +25.963%; +26.729%; +27.496%; 
-12.355%; -11.588%; -10.821%; -10.054%; -9.2876%; -8.5206%; -7.7537%; -6.9868%; -6.2199%; -5.4530%; -4.6861%; -3.9192%; -3.1522%; -2.3853%; -1.6184%; -0.85149%; -0.084580%; +0.68233%; +1.4492%; +2.2162%; +2.9831%; +3.7500%; +4.5169%; +5.2838%; +6.0507%; +6.8177%; +7.5846%; +8.3515%; +9.1184%; +9.8853%; +10.652%; +11.419%; +12.186%; +12.953%; +13.720%; +14.487%; +15.254%; +16.021%; +16.788%; +17.554%; +18.321%; +19.088%; +19.855%; +20.622%; +21.389%; +22.156%; +22.923%; +23.690%; +24.457%; +25.224%; +25.991%; +26.757%; +27.524%; 
-12.328%; -11.561%; -10.794%; -10.027%; -9.2605%; -8.4936%; -7.7266%; -6.9597%; -6.1928%; -5.4259%; -4.6590%; -3.8921%; -3.1252%; -2.3582%; -1.5913%; -0.82441%; -0.057492%; +0.70942%; +1.4763%; +2.2433%; +3.0102%; +3.7771%; +4.5440%; +5.3109%; +6.0778%; +6.8447%; +7.6117%; +8.3786%; +9.1455%; +9.9124%; +10.679%; +11.446%; +12.213%; +12.980%; +13.747%; +14.514%; +15.281%; +16.048%; +16.815%; +17.582%; +18.348%; +19.115%; +19.882%; +20.649%; +21.416%; +22.183%; +22.950%; +23.717%; +24.484%; +25.251%; +26.018%; +26.785%; +27.551%; 
-12.302%; -11.535%; -10.768%; -10.001%; -9.2342%; -8.4673%; -7.7004%; -6.9335%; -6.1666%; -5.3997%; -4.6327%; -3.8658%; -3.0989%; -2.3320%; -1.5651%; -0.79817%; -0.031252%; +0.73566%; +1.5026%; +2.2695%; +3.0364%; +3.8033%; +4.5702%; +5.3372%; +6.1041%; +6.8710%; +7.6379%; +8.4048%; +9.1717%; +9.9386%; +10.706%; +11.472%; +12.239%; +13.006%; +13.773%; +14.540%; +15.307%; +16.074%; +16.841%; +17.608%; +18.375%; +19.142%; +19.909%; +20.675%; +21.442%; +22.209%; +22.976%; +23.743%; +24.510%; +25.277%; +26.044%; +26.811%; +27.578%; 
-12.276%; -11.510%; -10.743%; -9.9757%; -9.2088%; -8.4419%; -7.6750%; -6.9081%; -6.1412%; -5.3742%; -4.6073%; -3.8404%; -3.0735%; -2.3066%; -1.5397%; -0.77275%; -0.0058347%; +0.76108%; +1.5280%; +2.2949%; +3.0618%; +3.8287%; +4.5957%; +5.3626%; +6.1295%; +6.8964%; +7.6633%; +8.4302%; +9.1971%; +9.9641%; +10.731%; +11.498%; +12.265%; +13.032%; +13.799%; +14.566%; +15.332%; +16.099%; +16.866%; +17.633%; +18.400%; +19.167%; +19.934%; +20.701%; +21.468%; +22.235%; +23.002%; +23.769%; +24.535%; +25.302%; +26.069%; +26.836%; +27.603%; 
-12.252%; -11.485%; -10.718%; -9.9511%; -9.1842%; -8.4173%; -7.6504%; -6.8834%; -6.1165%; -5.3496%; -4.5827%; -3.8158%; -3.0489%; -2.2820%; -1.5150%; -0.74813%; +0.018788%; +0.78570%; +1.5526%; +2.3195%; +3.0864%; +3.8534%; +4.6203%; +5.3872%; +6.1541%; +6.9210%; +7.6879%; +8.4549%; +9.2218%; +9.9887%; +10.756%; +11.523%; +12.289%; +13.056%; +13.823%; +14.590%; +15.357%; +16.124%; +16.891%; +17.658%; +18.425%; +19.192%; +19.959%; +20.725%; +21.492%; +22.259%; +23.026%; +23.793%; +24.560%; +25.327%; +26.094%; +26.861%; +27.628%; 
-12.228%; -11.461%; -10.694%; -9.9273%; -9.1603%; -8.3934%; -7.6265%; -6.8596%; -6.0927%; -5.3258%; -4.5588%; -3.7919%; -3.0250%; -2.2581%; -1.4912%; -0.72427%; +0.042642%; +0.80956%; +1.5765%; +2.3434%; +3.1103%; +3.8772%; +4.6441%; +5.4110%; +6.1780%; +6.9449%; +7.7118%; +8.4787%; +9.2456%; +10.013%; +10.779%; +11.546%; +12.313%; +13.080%; +13.847%; +14.614%; +15.381%; +16.148%; +16.915%; +17.682%; +18.449%; +19.216%; +19.982%; +20.749%; +21.516%; +22.283%; +23.050%; +23.817%; +24.584%; +25.351%; +26.118%; +26.885%; +27.652%; 
-12.205%; -11.438%; -10.671%; -9.9041%; -9.1372%; -8.3703%; -7.6034%; -6.8365%; -6.0696%; -5.3027%; -4.5357%; -3.7688%; -3.0019%; -2.2350%; -1.4681%; -0.70116%; +0.065752%; +0.83267%; +1.5996%; +2.3665%; +3.1334%; +3.9003%; +4.6672%; +5.4342%; +6.2011%; +6.9680%; +7.7349%; +8.5018%; +9.2687%; +10.036%; +10.803%; +11.569%; +12.336%; +13.103%; +13.870%; +14.637%; +15.404%; +16.171%; +16.938%; +17.705%; +18.472%; +19.239%; +20.006%; +20.772%; +21.539%; +22.306%; +23.073%; +23.840%; +24.607%; +25.374%; +26.141%; +26.908%; +27.675%; 
-12.182%; -11.416%; -10.649%; -9.8818%; -9.1148%; -8.3479%; -7.5810%; -6.8141%; -6.0472%; -5.2803%; -4.5133%; -3.7464%; -2.9795%; -2.2126%; -1.4457%; -0.67877%; +0.088143%; +0.85506%; +1.6220%; +2.3889%; +3.1558%; +3.9227%; +4.6896%; +5.4565%; +6.2235%; +6.9904%; +7.7573%; +8.5242%; +9.2911%; +10.058%; +10.825%; +11.592%; +12.359%; +13.126%; +13.893%; +14.660%; +15.426%; +16.193%; +16.960%; +17.727%; +18.494%; +19.261%; +20.028%; +20.795%; +21.562%; +22.329%; +23.096%; +23.863%; +24.629%; +25.396%; +26.163%; +26.930%; +27.697%; 
-12.161%; -11.394%; -10.627%; -9.8601%; -9.0931%; -8.3262%; -7.5593%; -6.7924%; -6.0255%; -5.2586%; -4.4917%; -3.7247%; -2.9578%; -2.1909%; -1.4240%; -0.65708%; +0.10984%; +0.87675%; +1.6437%; +2.4106%; +3.1775%; +3.9444%; +4.7113%; +5.4782%; +6.2452%; +7.0121%; +7.7790%; +8.5459%; +9.3128%; +10.080%; +10.847%; +11.614%; +12.380%; +13.147%; +13.914%; +14.681%; +15.448%; +16.215%; +16.982%; +17.749%; +18.516%; +19.283%; +20.050%; +20.817%; +21.583%; +22.350%; +23.117%; +23.884%; +24.651%; +25.418%; +26.185%; +26.952%; +27.719%; 
-12.140%; -11.373%; -10.606%; -9.8390%; -9.0721%; -8.3052%; -7.5383%; -6.7714%; -6.0045%; -5.2375%; -4.4706%; -3.7037%; -2.9368%; -2.1699%; -1.4030%; -0.63606%; +0.13086%; +0.89777%; +1.6647%; +2.4316%; +3.1985%; +3.9654%; +4.7323%; +5.4993%; +6.2662%; +7.0331%; +7.8000%; +8.5669%; +9.3338%; +10.101%; +10.868%; +11.635%; +12.401%; +13.168%; +13.935%; +14.702%; +15.469%; +16.236%; +17.003%; +17.770%; +18.537%; +19.304%; +20.071%; +20.838%; +21.604%; +22.371%; +23.138%; +23.905%; +24.672%; +25.439%; +26.206%; +26.973%; +27.740%; 
-12.119%; -11.352%; -10.586%; -9.8187%; -9.0518%; -8.2848%; -7.5179%; -6.7510%; -5.9841%; -5.2172%; -4.4503%; -3.6833%; -2.9164%; -2.1495%; -1.3826%; -0.61569%; +0.15123%; +0.91814%; +1.6851%; +2.4520%; +3.2189%; +3.9858%; +4.7527%; +5.5196%; +6.2865%; +7.0535%; +7.8204%; +8.5873%; +9.3542%; +10.121%; +10.888%; +11.655%; +12.422%; +13.189%; +13.956%; +14.723%; +15.490%; +16.256%; +17.023%; +17.790%; +18.557%; +19.324%; +20.091%; +20.858%; +21.625%; +22.392%; +23.159%; +23.926%; +24.693%; +25.459%; +26.226%; +26.993%; +27.760%; 
-12.100%; -11.333%; -10.566%; -9.7989%; -9.0320%; -8.2651%; -7.4982%; -6.7313%; -5.9644%; -5.1974%; -4.4305%; -3.6636%; -2.8967%; -2.1298%; -1.3629%; -0.59595%; +0.17096%; +0.93788%; +1.7048%; +2.4717%; +3.2386%; +4.0055%; +4.7725%; +5.5394%; +6.3063%; +7.0732%; +7.8401%; +8.6070%; +9.3739%; +10.141%; +10.908%; +11.675%; +12.442%; +13.209%; +13.975%; +14.742%; +15.509%; +16.276%; +17.043%; +17.810%; +18.577%; +19.344%; +20.111%; +20.878%; +21.645%; +22.411%; +23.178%; +23.945%; +24.712%; +25.479%; +26.246%; +27.013%; +27.780%; 
-12.081%; -11.314%; -10.547%; -9.7798%; -9.0129%; -8.2460%; -7.4791%; -6.7121%; -5.9452%; -5.1783%; -4.4114%; -3.6445%; -2.8776%; -2.1107%; -1.3437%; -0.57682%; +0.19009%; +0.95701%; +1.7239%; +2.4908%; +3.2578%; +4.0247%; +4.7916%; +5.5585%; +6.3254%; +7.0923%; +7.8592%; +8.6262%; +9.3931%; +10.160%; +10.927%; +11.694%; +12.461%; +13.228%; +13.995%; +14.761%; +15.528%; +16.295%; +17.062%; +17.829%; +18.596%; +19.363%; +20.130%; +20.897%; +21.664%; +22.431%; +23.198%; +23.964%; +24.731%; +25.498%; +26.265%; +27.032%; +27.799%; 
-12.062%; -11.295%; -10.528%; -9.7613%; -8.9943%; -8.2274%; -7.4605%; -6.6936%; -5.9267%; -5.1598%; -4.3929%; -3.6259%; -2.8590%; -2.0921%; -1.3252%; -0.55828%; +0.20863%; +0.97555%; +1.7425%; +2.5094%; +3.2763%; +4.0432%; +4.8101%; +5.5770%; +6.3439%; +7.1109%; +7.8778%; +8.6447%; +9.4116%; +10.179%; +10.945%; +11.712%; +12.479%; +13.246%; +14.013%; +14.780%; +15.547%; +16.314%; +17.081%; +17.848%; +18.615%; +19.382%; +20.148%; +20.915%; +21.682%; +22.449%; +23.216%; +23.983%; +24.750%; +25.517%; +26.284%; +27.051%; +27.818%; 
-12.044%; -11.277%; -10.510%; -9.7433%; -8.9764%; -8.2095%; -7.4426%; -6.6756%; -5.9087%; -5.1418%; -4.3749%; -3.6080%; -2.8411%; -2.0741%; -1.3072%; -0.54032%; +0.22660%; +0.99351%; +1.7604%; +2.5273%; +3.2943%; +4.0612%; +4.8281%; +5.5950%; +6.3619%; +7.1288%; +7.8957%; +8.6627%; +9.4296%; +10.196%; +10.963%; +11.730%; +12.497%; +13.264%; +14.031%; +14.798%; +15.565%; +16.332%; +17.099%; +17.866%; +18.633%; +19.399%; +20.166%; +20.933%; +21.700%; +22.467%; +23.234%; +24.001%; +24.768%; +25.535%; +26.302%; +27.069%; +27.836%; 
-12.027%; -11.260%; -10.493%; -9.7259%; -8.9590%; -8.1921%; -7.4251%; -6.6582%; -5.8913%; -5.1244%; -4.3575%; -3.5906%; -2.8237%; -2.0567%; -1.2898%; -0.52291%; +0.24401%; +1.0109%; +1.7778%; +2.5448%; +3.3117%; +4.0786%; +4.8455%; +5.6124%; +6.3793%; +7.1462%; +7.9132%; +8.6801%; +9.4470%; +10.214%; +10.981%; +11.748%; +12.515%; +13.282%; +14.048%; +14.815%; +15.582%; +16.349%; +17.116%; +17.883%; +18.650%; +19.417%; +20.184%; +20.951%; +21.718%; +22.485%; +23.251%; +24.018%; +24.785%; +25.552%; +26.319%; +27.086%; +27.853%; 
-12.010%; -11.243%; -10.476%; -9.7090%; -8.9421%; -8.1752%; -7.4083%; -6.6413%; -5.8744%; -5.1075%; -4.3406%; -3.5737%; -2.8068%; -2.0399%; -1.2729%; -0.50603%; +0.26089%; +1.0278%; +1.7947%; +2.5616%; +3.3285%; +4.0955%; +4.8624%; +5.6293%; +6.3962%; +7.1631%; +7.9300%; +8.6970%; +9.4639%; +10.231%; +10.998%; +11.765%; +12.532%; +13.298%; +14.065%; +14.832%; +15.599%; +16.366%; +17.133%; +17.900%; +18.667%; +19.434%; +20.201%; +20.968%; +21.735%; +22.501%; +23.268%; +24.035%; +24.802%; +25.569%; +26.336%; +27.103%; +27.870%; 
-11.993%; -11.226%; -10.460%; -9.6926%; -8.9257%; -8.1588%; -7.3919%; -6.6250%; -5.8581%; -5.0912%; -4.3242%; -3.5573%; -2.7904%; -2.0235%; -1.2566%; -0.48967%; +0.27725%; +1.0442%; +1.8111%; +2.5780%; +3.3449%; +4.1118%; +4.8787%; +5.6457%; +6.4126%; +7.1795%; +7.9464%; +8.7133%; +9.4802%; +10.247%; +11.014%; +11.781%; +12.548%; +13.315%; +14.082%; +14.849%; +15.616%; +16.382%; +17.149%; +17.916%; +18.683%; +19.450%; +20.217%; +20.984%; +21.751%; +22.518%; +23.285%; +24.052%; +24.819%; +25.585%; +26.352%; +27.119%; +27.886%; 
-11.978%; -11.211%; -10.444%; -9.6768%; -8.9099%; -8.1430%; -7.3760%; -6.6091%; -5.8422%; -5.0753%; -4.3084%; -3.5415%; -2.7746%; -2.0076%; -1.2407%; -0.47381%; +0.29311%; +1.0600%; +1.8269%; +2.5939%; +3.3608%; +4.1277%; +4.8946%; +5.6615%; +6.4284%; +7.1953%; +7.9623%; +8.7292%; +9.4961%; +10.263%; +11.030%; +11.797%; +12.564%; +13.331%; +14.098%; +14.864%; +15.631%; +16.398%; +17.165%; +17.932%; +18.699%; +19.466%; +20.233%; +21.000%; +21.767%; +22.534%; +23.301%; +24.067%; +24.834%; +25.601%; +26.368%; +27.135%; +27.902%; 
-11.962%; -11.195%; -10.428%; -9.6614%; -8.8945%; -8.1276%; -7.3607%; -6.5938%; -5.8268%; -5.0599%; -4.2930%; -3.5261%; -2.7592%; -1.9923%; -1.2254%; -0.45844%; +0.30848%; +1.0754%; +1.8423%; +2.6092%; +3.3761%; +4.1431%; +4.9100%; +5.6769%; +6.4438%; +7.2107%; +7.9776%; +8.7445%; +9.5115%; +10.278%; +11.045%; +11.812%; +12.579%; +13.346%; +14.113%; +14.880%; +15.647%; +16.414%; +17.181%; +17.948%; +18.714%; +19.481%; +20.248%; +21.015%; +21.782%; +22.549%; +23.316%; +24.083%; +24.850%; +25.617%; +26.384%; +27.150%; +27.917%; 
-11.947%; -11.180%; -10.413%; -9.6465%; -8.8796%; -8.1127%; -7.3458%; -6.5789%; -5.8119%; -5.0450%; -4.2781%; -3.5112%; -2.7443%; -1.9774%; -1.2104%; -0.44353%; +0.32338%; +1.0903%; +1.8572%; +2.6241%; +3.3910%; +4.1580%; +4.9249%; +5.6918%; +6.4587%; +7.2256%; +7.9925%; +8.7594%; +9.5264%; +10.293%; +11.060%; +11.827%; +12.594%; +13.361%; +14.128%; +14.895%; +15.662%; +16.429%; +17.196%; +17.962%; +18.729%; +19.496%; +20.263%; +21.030%; +21.797%; +22.564%; +23.331%; +24.098%; +24.865%; +25.632%; +26.398%; +27.165%; +27.932%; 
-11.933%; -11.166%; -10.399%; -9.6321%; -8.8651%; -8.0982%; -7.3313%; -6.5644%; -5.7975%; -5.0306%; -4.2637%; -3.4967%; -2.7298%; -1.9629%; -1.1960%; -0.42908%; +0.33783%; +1.1047%; +1.8717%; +2.6386%; +3.4055%; +4.1724%; +4.9393%; +5.7062%; +6.4732%; +7.2401%; +8.0070%; +8.7739%; +9.5408%; +10.308%; +11.075%; +11.842%; +12.608%; +13.375%; +14.142%; +14.909%; +15.676%; +16.443%; +17.210%; +17.977%; +18.744%; +19.511%; +20.278%; +21.045%; +21.811%; +22.578%; +23.345%; +24.112%; +24.879%; +25.646%; +26.413%; +27.180%; +27.947%; 
-11.919%; -11.152%; -10.385%; -9.6181%; -8.8511%; -8.0842%; -7.3173%; -6.5504%; -5.7835%; -5.0166%; -4.2496%; -3.4827%; -2.7158%; -1.9489%; -1.1820%; -0.41507%; +0.35184%; +1.1188%; +1.8857%; +2.6526%; +3.4195%; +4.1864%; +4.9533%; +5.7202%; +6.4872%; +7.2541%; +8.0210%; +8.7879%; +9.5548%; +10.322%; +11.089%; +11.856%; +12.622%; +13.389%; +14.156%; +14.923%; +15.690%; +16.457%; +17.224%; +17.991%; +18.758%; +19.525%; +20.292%; +21.059%; +21.825%; +22.592%; +23.359%; +24.126%; +24.893%; +25.660%; +26.427%; +27.194%; +27.961%; 
-11.905%; -11.138%; -10.371%; -9.6045%; -8.8376%; -8.0706%; -7.3037%; -6.5368%; -5.7699%; -5.0030%; -4.2361%; -3.4691%; -2.7022%; -1.9353%; -1.1684%; -0.40149%; +0.36543%; +1.1323%; +1.8993%; +2.6662%; +3.4331%; +4.2000%; +4.9669%; +5.7338%; +6.5007%; +7.2677%; +8.0346%; +8.8015%; +9.5684%; +10.335%; +11.102%; +11.869%; +12.636%; +13.403%; +14.170%; +14.937%; +15.704%; +16.471%; +17.238%; +18.004%; +18.771%; +19.538%; +20.305%; +21.072%; +21.839%; +22.606%; +23.373%; +24.140%; +24.907%; +25.674%; +26.441%; +27.207%; +27.974%; 
-11.892%; -11.125%; -10.358%; -9.5913%; -8.8244%; -8.0575%; -7.2906%; -6.5236%; -5.7567%; -4.9898%; -4.2229%; -3.4560%; -2.6891%; -1.9221%; -1.1552%; -0.38832%; +0.37860%; +1.1455%; +1.9124%; +2.6793%; +3.4463%; +4.2132%; +4.9801%; +5.7470%; +6.5139%; +7.2808%; +8.0477%; +8.8147%; +9.5816%; +10.348%; +11.115%; +11.882%; +12.649%; +13.416%; +14.183%; +14.950%; +15.717%; +16.484%; +17.251%; +18.018%; +18.785%; +19.551%; +20.318%; +21.085%; +21.852%; +22.619%; +23.386%; +24.153%; +24.920%; +25.687%; +26.454%; +27.221%; +27.988%; 
-11.879%; -11.112%; -10.345%; -9.5785%; -8.8116%; -8.0447%; -7.2778%; -6.5109%; -5.7439%; -4.9770%; -4.2101%; -3.4432%; -2.6763%; -1.9094%; -1.1425%; -0.37554%; +0.39137%; +1.1583%; +1.9252%; +2.6921%; +3.4590%; +4.2259%; +4.9929%; +5.7598%; +6.5267%; +7.2936%; +8.0605%; +8.8274%; +9.5943%; +10.361%; +11.128%; +11.895%; +12.662%; +13.429%; +14.196%; +14.963%; +15.730%; +16.497%; +17.263%; +18.030%; +18.797%; +19.564%; +20.331%; +21.098%; +21.865%; +22.632%; +23.399%; +24.166%; +24.933%; +25.700%; +26.466%; +27.233%; +28.000%; 
-11.867%; -11.100%; -10.333%; -9.5661%; -8.7992%; -8.0323%; -7.2654%; -6.4985%; -5.7316%; -4.9646%; -4.1977%; -3.4308%; -2.6639%; -1.8970%; -1.1301%; -0.36316%; +0.40376%; +1.1707%; +1.9376%; +2.7045%; +3.4714%; +4.2383%; +5.0052%; +5.7722%; +6.5391%; +7.3060%; +8.0729%; +8.8398%; +9.6067%; +10.374%; +11.141%; +11.907%; +12.674%; +13.441%; +14.208%; +14.975%; +15.742%; +16.509%; +17.276%; +18.043%; +18.810%; +19.577%; +20.344%; +21.110%; +21.877%; +22.644%; +23.411%; +24.178%; +24.945%; +25.712%; +26.479%; +27.246%; +28.013%; 
-11.855%; -11.088%; -10.321%; -9.5541%; -8.7872%; -8.0203%; -7.2534%; -6.4865%; -5.7196%; -4.9526%; -4.1857%; -3.4188%; -2.6519%; -1.8850%; -1.1181%; -0.35115%; +0.41577%; +1.1827%; +1.9496%; +2.7165%; +3.4834%; +4.2503%; +5.0173%; +5.7842%; +6.5511%; +7.3180%; +8.0849%; +8.8518%; +9.6187%; +10.386%; +11.153%; +11.919%; +12.686%; +13.453%; +14.220%; +14.987%; +15.754%; +16.521%; +17.288%; +18.055%; +18.822%; +19.589%; +20.356%; +21.122%; +21.889%; +22.656%; +23.423%; +24.190%; +24.957%; +25.724%; +26.491%; +27.258%; +28.025%; 
-11.843%; -11.076%; -10.309%; -9.5425%; -8.7756%; -8.0086%; -7.2417%; -6.4748%; -5.7079%; -4.9410%; -4.1741%; -3.4072%; -2.6402%; -1.8733%; -1.1064%; -0.33950%; +0.42742%; +1.1943%; +1.9612%; +2.7282%; +3.4951%; +4.2620%; +5.0289%; +5.7958%; +6.5627%; +7.3297%; +8.0966%; +8.8635%; +9.6304%; +10.397%; +11.164%; +11.931%; +12.698%; +13.465%; +14.232%; +14.999%; +15.766%; +16.533%; +17.300%; +18.066%; +18.833%; +19.600%; +20.367%; +21.134%; +21.901%; +22.668%; +23.435%; +24.202%; +24.969%; +25.736%; +26.503%; +27.269%; +28.036%; 
-11.832%; -11.065%; -10.298%; -9.5312%; -8.7643%; -7.9973%; -7.2304%; -6.4635%; -5.6966%; -4.9297%; -4.1628%; -3.3959%; -2.6289%; -1.8620%; -1.0951%; -0.32820%; +0.43872%; +1.2056%; +1.9725%; +2.7395%; +3.5064%; +4.2733%; +5.0402%; +5.8071%; +6.5740%; +7.3410%; +8.1079%; +8.8748%; +9.6417%; +10.409%; +11.176%; +11.942%; +12.709%; +13.476%; +14.243%; +15.010%; +15.777%; +16.544%; +17.311%; +18.078%; +18.845%; +19.612%; +20.379%; +21.145%; +21.912%; +22.679%; +23.446%; +24.213%; +24.980%; +25.747%; +26.514%; +27.281%; +28.048%; 
-11.821%; -11.054%; -10.287%; -9.5202%; -8.7533%; -7.9864%; -7.2195%; -6.4526%; -5.6856%; -4.9187%; -4.1518%; -3.3849%; -2.6180%; -1.8511%; -1.0842%; -0.31724%; +0.44968%; +1.2166%; +1.9835%; +2.7504%; +3.5173%; +4.2843%; +5.0512%; +5.8181%; +6.5850%; +7.3519%; +8.1188%; +8.8857%; +9.6527%; +10.420%; +11.186%; +11.953%; +12.720%; +13.487%; +14.254%; +15.021%; +15.788%; +16.555%; +17.322%; +18.089%; +18.856%; +19.623%; +20.389%; +21.156%; +21.923%; +22.690%; +23.457%; +24.224%; +24.991%; +25.758%; +26.525%; +27.292%; +28.059%; 
-11.810%; -11.043%; -10.276%; -9.5096%; -8.7427%; -7.9758%; -7.2088%; -6.4419%; -5.6750%; -4.9081%; -4.1412%; -3.3743%; -2.6074%; -1.8404%; -1.0735%; -0.30661%; +0.46031%; +1.2272%; +1.9941%; +2.7611%; +3.5280%; +4.2949%; +5.0618%; +5.8287%; +6.5956%; +7.3625%; +8.1295%; +8.8964%; +9.6633%; +10.430%; +11.197%; +11.964%; +12.731%; +13.498%; +14.265%; +15.032%; +15.799%; +16.566%; +17.332%; +18.099%; +18.866%; +19.633%; +20.400%; +21.167%; +21.934%; +22.701%; +23.468%; +24.235%; +25.002%; +25.768%; +26.535%; +27.302%; +28.069%; 
-11.800%; -11.033%; -10.266%; -9.4993%; -8.7324%; -7.9654%; -7.1985%; -6.4316%; -5.6647%; -4.8978%; -4.1309%; -3.3640%; -2.5970%; -1.8301%; -1.0632%; -0.29629%; +0.47062%; +1.2375%; +2.0045%; +2.7714%; +3.5383%; +4.3052%; +5.0721%; +5.8390%; +6.6059%; +7.3729%; +8.1398%; +8.9067%; +9.6736%; +10.441%; +11.207%; +11.974%; +12.741%; +13.508%; +14.275%; +15.042%; +15.809%; +16.576%; +17.343%; +18.110%; +18.877%; +19.643%; +20.410%; +21.177%; +21.944%; +22.711%; +23.478%; +24.245%; +25.012%; +25.779%; +26.546%; +27.313%; +28.080%; 
-11.790%; -11.023%; -10.256%; -9.4893%; -8.7224%; -7.9554%; -7.1885%; -6.4216%; -5.6547%; -4.8878%; -4.1209%; -3.3539%; -2.5870%; -1.8201%; -1.0532%; -0.28629%; +0.48063%; +1.2475%; +2.0145%; +2.7814%; +3.5483%; +4.3152%; +5.0821%; +5.8490%; +6.6159%; +7.3829%; +8.1498%; +8.9167%; +9.6836%; +10.451%; +11.217%; +11.984%; +12.751%; +13.518%; +14.285%; +15.052%; +15.819%; +16.586%; +17.353%; +18.120%; +18.887%; +19.653%; +20.420%; +21.187%; +21.954%; +22.721%; +23.488%; +24.255%; +25.022%; +25.789%; +26.556%; +27.323%; +28.090%; 
-11.780%; -11.013%; -10.246%; -9.4796%; -8.7126%; -7.9457%; -7.1788%; -6.4119%; -5.6450%; -4.8781%; -4.1112%; -3.3442%; -2.5773%; -1.8104%; -1.0435%; -0.27658%; +0.49033%; +1.2572%; +2.0242%; +2.7911%; +3.5580%; +4.3249%; +5.0918%; +5.8587%; +6.6257%; +7.3926%; +8.1595%; +8.9264%; +9.6933%; +10.460%; +11.227%; +11.994%; +12.761%; +13.528%; +14.295%; +15.062%; +15.829%; +16.596%; +17.362%; +18.129%; +18.896%; +19.663%; +20.430%; +21.197%; +21.964%; +22.731%; +23.498%; +24.265%; +25.032%; +25.799%; +26.565%; +27.332%; +28.099%; 
-11.771%; -11.004%; -10.237%; -9.4701%; -8.7032%; -7.9363%; -7.1694%; -6.4025%; -5.6356%; -4.8687%; -4.1017%; -3.3348%; -2.5679%; -1.8010%; -1.0341%; -0.26717%; +0.49975%; +1.2667%; +2.0336%; +2.8005%; +3.5674%; +4.3343%; +5.1012%; +5.8682%; +6.6351%; +7.4020%; +8.1689%; +8.9358%; +9.7027%; +10.470%; +11.237%; +12.003%; +12.770%; +13.537%; +14.304%; +15.071%; +15.838%; +16.605%; +17.372%; +18.139%; +18.906%; +19.673%; +20.440%; +21.206%; +21.973%; +22.740%; +23.507%; +24.274%; +25.041%; +25.808%; +26.575%; +27.342%; +28.109%; 
-11.762%; -10.995%; -10.228%; -9.4610%; -8.6941%; -7.9272%; -7.1603%; -6.3933%; -5.6264%; -4.8595%; -4.0926%; -3.3257%; -2.5588%; -1.7919%; -1.0249%; -0.25803%; +0.50889%; +1.2758%; +2.0427%; +2.8096%; +3.5765%; +4.3435%; +5.1104%; +5.8773%; +6.6442%; +7.4111%; +8.1780%; +8.9449%; +9.7119%; +10.479%; +11.246%; +12.013%; +12.780%; +13.546%; +14.313%; +15.080%; +15.847%; +16.614%; +17.381%; +18.148%; +18.915%; +19.682%; +20.449%; +21.216%; +21.983%; +22.749%; +23.516%; +24.283%; +25.050%; +25.817%; +26.584%; +27.351%; +28.118%; 
-11.753%; -10.986%; -10.219%; -9.4521%; -8.6852%; -7.9183%; -7.1514%; -6.3845%; -5.6176%; -4.8507%; -4.0837%; -3.3168%; -2.5499%; -1.7830%; -1.0161%; -0.24916%; +0.51775%; +1.2847%; +2.0516%; +2.8185%; +3.5854%; +4.3523%; +5.1192%; +5.8862%; +6.6531%; +7.4200%; +8.1869%; +8.9538%; +9.7207%; +10.488%; +11.255%; +12.021%; +12.788%; +13.555%; +14.322%; +15.089%; +15.856%; +16.623%; +17.390%; +18.157%; +18.924%; +19.691%; +20.458%; +21.224%; +21.991%; +22.758%; +23.525%; +24.292%; +25.059%; +25.826%; +26.593%; +27.360%; +28.127%; 
-11.744%; -10.977%; -10.210%; -9.4435%; -8.6766%; -7.9097%; -7.1428%; -6.3759%; -5.6090%; -4.8421%; -4.0751%; -3.3082%; -2.5413%; -1.7744%; -1.0075%; -0.24056%; +0.52635%; +1.2933%; +2.0602%; +2.8271%; +3.5940%; +4.3609%; +5.1278%; +5.8948%; +6.6617%; +7.4286%; +8.1955%; +8.9624%; +9.7293%; +10.496%; +11.263%; +12.030%; +12.797%; +13.564%; +14.331%; +15.098%; +15.865%; +16.632%; +17.398%; +18.165%; +18.932%; +19.699%; +20.466%; +21.233%; +22.000%; +22.767%; +23.534%; +24.301%; +25.068%; +25.835%; +26.601%; +27.368%; +28.135%; 
-11.736%; -10.969%; -10.202%; -9.4352%; -8.6683%; -7.9014%; -7.1344%; -6.3675%; -5.6006%; -4.8337%; -4.0668%; -3.2999%; -2.5330%; -1.7660%; -0.99913%; -0.23221%; +0.53470%; +1.3016%; +2.0685%; +2.8354%; +3.6024%; +4.3693%; +5.1362%; +5.9031%; +6.6700%; +7.4369%; +8.2039%; +8.9708%; +9.7377%; +10.505%; +11.272%; +12.038%; +12.805%; +13.572%; +14.339%; +15.106%; +15.873%; +16.640%; +17.407%; +18.174%; +18.941%; +19.708%; +20.474%; +21.241%; +22.008%; +22.775%; +23.542%; +24.309%; +25.076%; +25.843%; +26.610%; +27.377%; +28.144%; 
-11.728%; -10.961%; -10.194%; -9.4271%; -8.6602%; -7.8933%; -7.1263%; -6.3594%; -5.5925%; -4.8256%; -4.0587%; -3.2918%; -2.5249%; -1.7579%; -0.99102%; -0.22411%; +0.54280%; +1.3097%; +2.0766%; +2.8435%; +3.6105%; +4.3774%; +5.1443%; +5.9112%; +6.6781%; +7.4450%; +8.2120%; +8.9789%; +9.7458%; +10.513%; +11.280%; +12.047%; +12.813%; +13.580%; +14.347%; +15.114%; +15.881%; +16.648%; +17.415%; +18.182%; +18.949%; +19.716%; +20.483%; +21.250%; +22.016%; +22.783%; +23.550%; +24.317%; +25.084%; +25.851%; +26.618%; +27.385%; +28.152%; 
-11.720%; -10.953%; -10.186%; -9.4192%; -8.6523%; -7.8854%; -7.1185%; -6.3516%; -5.5847%; -4.8177%; -4.0508%; -3.2839%; -2.5170%; -1.7501%; -0.98316%; -0.21625%; +0.55067%; +1.3176%; +2.0845%; +2.8514%; +3.6183%; +4.3852%; +5.1522%; +5.9191%; +6.6860%; +7.4529%; +8.2198%; +8.9867%; +9.7536%; +10.521%; +11.287%; +12.054%; +12.821%; +13.588%; +14.355%; +15.122%; +15.889%; +16.656%; +17.423%; +18.190%; +18.957%; +19.724%; +20.490%; +21.257%; +22.024%; +22.791%; +23.558%; +24.325%; +25.092%; +25.859%; +26.626%; +27.393%; +28.160%; 
-11.712%; -10.945%; -10.179%; -9.4116%; -8.6447%; -7.8778%; -7.1108%; -6.3439%; -5.5770%; -4.8101%; -4.0432%; -3.2763%; -2.5094%; -1.7424%; -0.97553%; -0.20861%; +0.55830%; +1.3252%; +2.0921%; +2.8590%; +3.6260%; +4.3929%; +5.1598%; +5.9267%; +6.6936%; +7.4605%; +8.2274%; +8.9944%; +9.7613%; +10.528%; +11.295%; +12.062%; +12.829%; +13.596%; +14.363%; +15.130%; +15.897%; +16.664%; +17.430%; +18.197%; +18.964%; +19.731%; +20.498%; +21.265%; +22.032%; +22.799%; +23.566%; +24.333%; +25.100%; +25.866%; +26.633%; +27.400%; +28.167%; 
-11.705%; -10.938%; -10.171%; -9.4042%; -8.6373%; -7.8704%; -7.1034%; -6.3365%; -5.5696%; -4.8027%; -4.0358%; -3.2689%; -2.5020%; -1.7350%; -0.96812%; -0.20121%; +0.56571%; +1.3326%; +2.0995%; +2.8665%; +3.6334%; +4.4003%; +5.1672%; +5.9341%; +6.7010%; +7.4679%; +8.2349%; +9.0018%; +9.7687%; +10.536%; +11.303%; +12.069%; +12.836%; +13.603%; +14.370%; +15.137%; +15.904%; +16.671%; +17.438%; +18.205%; +18.972%; +19.739%; +20.505%; +21.272%; +22.039%; +22.806%; +23.573%; +24.340%; +25.107%; +25.874%; +26.641%; +27.408%; +28.175%; 
